BookID,Title,Author,Genre,PublicationDate
1,Lawyer when spring kid check operation worry.,Krystal Harris,production,12/22/2023
2,Believe small three down.,Brianna Gibson,nothing,11/9/2020
3,Structure people from large realize page.,Lauren Rios,hour,12/15/2021
4,Machine own above cause side just beautiful.,Tanya Conway,class,4/2/2021
5,Enter audience lay base respond risk peace.,Stephanie Taylor,investment,12/20/2020
6,Feel others hit too.,Dale Garza,participant,8/21/2020
7,Herself nothing pick administration run edge protect.,Tyler Knox,raise,10/1/2019
8,Explain perform lawyer poor.,Chelsea Hendricks,she,1/5/2021
9,Anyone these hotel over.,William Carpenter,local,4/22/2023
10,Standard similar college ok move like.,Nicole Richmond,visit,5/27/2022
11,Simple product approach two require head add.,Edgar Hopkins,your,5/6/2023
12,Over carry past.,Monica Campbell,window,6/18/2024
13,Himself air prove.,Rachel Perez,remain,12/16/2019
14,Position blue office two quality.,Matthew Murphy Jr.,leave,11/25/2020
15,Challenge middle middle modern summer clearly.,Michael Meadows,research,2/15/2020
16,Including no know score carry grow.,Brian Hernandez,election,1/7/2024
17,Happen American up sense.,Karen Jones,purpose,11/17/2023
18,Gun try best will.,Mary Taylor,possible,2/21/2021
19,That picture group us.,Matthew Graham,discussion,3/10/2023
20,Picture range family born.,Renee Lowery,market,6/21/2023
21,Range grow yard employee.,Joseph Baker,bring,7/23/2023
22,Leader so avoid prove letter town exist.,David Gray,performance,8/17/2023
23,Theory probably important exist type film guy budget.,Jill Lee,establish,3/18/2021
24,Down heart color wrong almost sign.,Heather Medina,across,9/30/2021
25,Recent technology program product seek.,Nathan Scott,common,8/24/2019
26,Seat without why hand hotel consider.,Monica Hunt,rather,10/31/2022
27,Easy can possible.,Jose Chambers,include,9/12/2021
28,Everybody statement mother art.,Kelly Cook,maybe,4/17/2023
29,Resource per board Republican each truth.,Antonio Lewis,member,9/12/2019
30,Pick agree national forget property but matter.,Todd Summers,natural,8/21/2020
31,Reason huge billion soldier.,Christopher Ferguson,bed,12/24/2021
32,Show could still not Mr create sign.,Jordan Leach,nation,12/14/2022
33,Series culture most tax west how beautiful.,Jennifer Pittman,next,11/12/2019
34,Over include fire management far suddenly treat.,Christopher Kim,feel,5/20/2023
35,Production couple nature.,Danny Smith,fine,4/30/2023
36,Sense amount because alone strategy himself.,Kyle Wilkinson,Republican,10/14/2022
37,Instead responsibility stuff.,Levi Watson,go,7/25/2020
38,Ground future give dark hope hospital.,Gary Marquez,person,10/3/2022
39,Model seven consider human person recognize.,Dr. Ryan Dawson,thank,8/17/2021
40,American author join like.,Douglas Walker,resource,11/10/2019
41,Guy international so company.,Logan Black,information,5/1/2023
42,Bar though hour fast.,Tammie Jones,agency,6/13/2021
43,Professor young thank find whether idea address center.,Tammy Lynch,source,6/20/2019
44,Ground product head raise than.,Ronald Stephens,growth,7/16/2022
45,Successful result purpose month specific.,Alice Martin,light,10/6/2019
46,Modern top hot final reveal provide glass seek.,Shelly Wright,receive,11/17/2022
47,Shoulder lawyer sign glass.,Teresa Wilson,eat,5/30/2023
48,Production administration present.,William Reyes,plant,9/14/2019
49,Ball idea them eat executive.,Danielle Jones,relate,6/24/2019
50,Marriage machine voice entire.,Mr. Matthew Shaw,both,4/7/2022
51,Together coach table its.,Clayton Macias,sense,12/17/2021
52,Environmental great up small compare view happy.,Wayne Mccoy,fish,8/2/2022
53,With next father huge material interesting voice.,Theresa Thompson,kid,12/24/2021
54,Policy clear necessary father.,Brian Smith,east,12/7/2022
55,Decade debate indeed recent without soldier.,Christina Gilbert,mouth,6/10/2021
56,Who foreign trial thus billion.,Jennifer Miles,trade,2/19/2021
57,Value common free many guy physical rock.,Lisa Mosley,audience,1/1/2024
58,Whole to thus outside boy wall.,Joshua Hall,reach,9/20/2020
59,Interest bill might live.,Kathryn Cook,grow,12/28/2019
60,See final training remember skin force dream.,Matthew Baker,ten,8/20/2022
61,Place recently lot identify east.,Courtney Miller,final,9/3/2021
62,Remember day treat sit discuss.,Ryan Ashley,student,12/20/2023
63,Rock interesting final itself.,Brian Yates,use,8/7/2019
64,Surface likely avoid whose peace.,Daniel Cole,send,7/15/2019
65,Lead relationship capital box.,April Taylor,line,6/26/2022
66,Final expect Democrat never yourself people government.,Douglas Graham,traditional,2/7/2022
67,Return half difficult pressure television property.,Kristen Gray,ever,10/2/2020
68,Human make fast town.,Veronica Carter,clear,3/5/2020
69,Power improve especially resource.,Desiree Holt,trip,5/24/2020
70,Point later more room over evening state fund.,Jamie Lopez,store,5/23/2021
71,Success floor plan every wrong.,Mary Young,boy,9/6/2019
72,Dog could item game wait.,Bradley Wood,section,12/11/2020
73,Accept reach many degree what goal fill.,Daniel Morales,skin,10/26/2023
74,Cell herself quickly hope.,Jason Finley,bit,10/9/2019
75,Avoid own those turn level end analysis.,Brandon Harris,product,3/2/2020
76,Bed eat city job upon paper.,Susan Palmer,different,2/13/2023
77,Fill ask feeling item.,James Morris,item,7/1/2023
78,Into crime really save partner book laugh.,Marisa Willis,evening,12/2/2020
79,Another human development agree.,Martin West,civil,7/27/2022
80,Entire responsibility believe only look artist.,Robert Flores,under,5/19/2023
81,Study social line.,Timothy Navarro,marriage,5/29/2020
82,Test hope technology drop.,Billy Smith,create,6/27/2019
83,Pressure set section.,Cody Jennings,hold,6/20/2021
84,Machine base before if rate minute region.,Chad Perez,none,8/30/2023
85,Some road computer money.,Rachel Jensen,television,6/29/2021
86,Environmental discover wish whatever its sing professional compare.,Christopher West,stand,8/19/2019
87,Peace energy information experience structure.,Katherine Jones,ball,4/29/2021
88,Dream the yet include.,Andrew Price,success,1/10/2022
89,Make live none happy.,Dr. Melissa Hansen,small,3/14/2024
90,Perform cold run material four store.,Johnny Smith,major,5/24/2022
91,National ground summer chair modern kind wonder.,Anthony Scott,project,12/15/2019
92,Eight wear visit thus open kind for.,Sonya House,tell,5/11/2024
93,Analysis camera course kitchen.,James Harris,little,6/17/2024
94,Which box realize music.,Tammy Lamb,carry,11/24/2022
95,Chance policy draw ahead sign end inside heavy.,Christopher Allen,kitchen,9/11/2020
96,View benefit mouth again.,Philip Serrano,no,7/3/2021
97,Least management power machine.,Teresa Allison,many,12/25/2020
98,Truth sit ask how.,Steven Maynard,food,7/14/2019
99,Act we cover argue.,Amanda Solis,buy,6/5/2021
100,Yeah step stand miss fall together.,Shawn Jones,choice,2/3/2023
101,They kid use action determine husband should.,Pam Ortega,feel,4/18/2024
102,Reveal a change audience know expert themselves.,David Cruz,hit,12/12/2020
103,Rate century since most born.,Sara Welch,hospital,12/27/2020
104,Face boy large page.,Suzanne Jackson,assume,6/14/2023
105,Local public from treat it report painting.,Susan Hernandez,policy,6/10/2023
106,Democrat pull television seat industry.,Andrew Jackson,Republican,2/29/2020
107,Region instead people heavy thousand special.,Christina Ryan,happy,5/16/2022
108,Themselves soldier really major democratic although fine tax.,Sean Nichols,executive,12/11/2023
109,Old dinner against add to.,Gregory Andersen,run,5/12/2020
110,Every spend industry firm room claim.,Shelley Lewis,end,11/25/2022
111,Inside everyone lead property paper former everything north.,Mary Chavez,better,9/14/2022
112,Past including read discussion rather.,Randall Price,ground,12/14/2020
113,Professional suffer blue.,Matthew Pitts,black,6/1/2021
114,Ago hope respond where weight spring.,Michelle Jackson,popular,3/25/2024
115,Environment side mean near building data sea place.,James Fisher,community,6/10/2023
116,Half we resource simply.,Tammy Boyer,foot,3/27/2023
117,Card leader send again age attack morning.,Kerri George,others,5/16/2023
118,Relationship government age feeling between pattern glass benefit.,Christopher Miller,however,9/18/2023
119,Compare outside team statement side late.,Terry Myers,economic,12/19/2020
120,Blood instead positive time.,Tyler Bryant,good,6/16/2024
121,Military son election.,Cassandra Brooks,their,2/28/2021
122,Fill for blue chance police price start.,Richard Allen,window,11/2/2019
123,Piece buy certainly paper reason weight.,Gary Rose,least,5/23/2023
124,Size response first leg.,Thomas Patton,machine,11/2/2022
125,Join while subject here four.,Daniel Mora,nor,7/17/2019
126,Employee act street term.,Amanda Goodwin,that,10/18/2022
127,Only class interview difference test ball.,Christina Mccarthy,various,8/1/2022
128,Until but do I same activity bad.,Jacqueline Stevens,whole,4/5/2020
129,General civil guy direction sell performance station.,Megan Doyle,management,12/18/2022
130,Management source determine structure.,Alyssa Harris,image,4/22/2022
131,Letter take feeling once treat.,Anthony Pineda,in,5/20/2022
132,Official wide quite lawyer.,Michael Hayes,record,10/26/2020
133,During to land.,Theresa Armstrong,dark,7/26/2023
134,Some practice itself project south.,Edward Walter,across,3/31/2022
135,Minute particular little her as generation indeed firm.,Gregory Tucker,same,11/30/2022
136,Than clear nor cultural himself catch.,Kayla Brown,interesting,3/22/2021
137,Lot send management note assume begin.,Paige Morse,deal,12/19/2020
138,Carry should join.,Bailey Nunez,discover,7/5/2019
139,Science matter father officer suddenly day involve beat.,Dana Maldonado,reason,1/7/2023
140,Sign kitchen stand fund human center tax.,Gary Harris,late,2/20/2023
141,Drop wife life.,Anthony Webster,parent,9/18/2022
142,Building keep plan.,Carlos Chen,place,12/1/2021
143,Analysis level particular easy charge play visit.,Casey Oneal,newspaper,3/26/2021
144,Manage sign nearly sister begin.,Debra Hensley,while,5/7/2020
145,Woman more determine organization thank director cup another.,Eric Conner,represent,7/20/2019
146,Leave heavy thank hundred contain institution decision Congress.,Jill Owens,case,4/1/2024
147,Rule allow make good control structure vote about.,Corey Carr,material,11/12/2021
148,Without their total after.,Carly Robinson,check,6/12/2024
149,Drug month feeling serious onto where.,Shannon Arnold,food,10/19/2023
150,Movement begin take war.,Paul Johnson,scene,2/29/2024
151,Relate sign will including those.,Robert Sanders,significant,2/19/2024
152,Easy south standard course.,Courtney Barajas,wonder,10/15/2021
153,Organization air describe.,Karen Harris,begin,5/30/2022
154,Very possible soon defense against.,Seth French,quite,5/24/2024
155,Generation moment short deep everybody.,Brett Compton,military,11/21/2020
156,Board discussion decide government.,Jacob Morgan,wind,3/25/2021
157,Program good history help.,Sarah Edwards,pay,3/16/2022
158,Camera conference wear hope live thing ask.,Katie Rojas,in,3/31/2020
159,Until memory threat.,Alexa Costa,TRUE,2/23/2022
160,Soldier enjoy ago whatever.,Andrew Thompson,answer,6/27/2023
161,Quickly eight exactly cold spring hard process service.,Scott Williams II,protect,5/31/2021
162,Attorney event face notice ever.,Emma Turner,later,2/28/2022
163,College ability bank on force fly Republican.,Patrick Ellis,agree,9/18/2022
164,Treat stuff respond per attention answer.,Jerome Mejia,safe,2/22/2020
165,However research big exactly writer as prepare.,Jordan Stewart,clearly,7/9/2020
166,After direction minute military because improve.,William Coleman,return,2/23/2023
167,Purpose heart see produce democratic.,Laura Ruiz,government,5/7/2020
168,Plant smile if again fire six sound.,Rose Acosta,as,5/27/2021
169,Author buy then brother off three help.,Julia Irwin,environmental,1/16/2021
170,Look task road garden four industry fly.,Joseph Ross,benefit,10/12/2020
171,Firm series north if.,Bryan Gates,often,1/4/2023
172,Almost mission to use very white.,Adrian Fischer,movie,3/23/2024
173,Hotel market suddenly care.,Chelsea Flores,my,9/22/2022
174,Already determine represent.,David Collins,none,12/22/2019
175,Help word turn nice thing.,Michelle Garcia,else,7/15/2023
176,Near ok computer determine including ball matter.,Richard Best,despite,12/7/2021
177,Thank Democrat soldier rule pay available real support.,Lindsay Abbott,their,4/22/2021
178,Modern why yard oil as.,Eric Guzman,ball,1/3/2023
179,Only not you.,Mrs. Heather Wall DDS,source,1/2/2022
180,Marriage carry approach.,Tammy Randall,threat,8/4/2022
181,Whatever between since language east.,Tammy Cook,success,2/11/2021
182,Building get bit child charge if.,Andrea Thomas,policy,9/26/2020
183,Enter read build speech approach speak.,Ashley Montgomery,here,12/30/2019
184,Ball television gun responsibility return today industry.,Rachel Simmons,once,3/27/2022
185,Strong list doctor ok evening.,Heather Jenkins,treatment,2/13/2023
186,Walk police her sing century simple computer.,Tanner Robinson,little,10/13/2020
187,Political dog miss rest traditional special.,David Nguyen,week,2/21/2023
188,Include score visit model.,Chad Smith,race,10/16/2022
189,Believe apply pretty thing two technology audience.,Joseph Johnson,energy,10/25/2022
190,Ten moment court support offer draw project.,David Lamb,happen,11/4/2022
191,Statement never machine know.,Jennifer Davies,whatever,5/20/2024
192,Issue wait dream religious he expect will.,Donald Cross,form,10/18/2022
193,Land fund hand hold.,David Tapia,me,6/23/2019
194,Reveal when role.,David Chapman,radio,6/5/2023
195,Check source nature.,Mr. Jeremiah Brooks,address,6/17/2021
196,Answer there prepare fill will.,Tracey Cruz,girl,4/16/2021
197,Another night our thus for.,Barbara Alexander,rock,2/7/2020
198,Commercial question when down this ahead thought.,Kathryn Rivera,type,10/23/2021
199,Practice old son fish.,Chad Tucker,quickly,2/23/2022
200,Involve particularly Congress bed mouth arm cost never.,Sandra Roth,attention,6/9/2020
201,Article western floor issue.,Kimberly Alexander,machine,10/20/2021
202,Mr mother attack common exactly.,Brittany Boyd,individual,11/7/2019
203,Different real lead card choose visit news defense.,Rebecca Delgado,serve,1/1/2024
204,Fill guess live tree box home.,Melissa Gomez,staff,8/20/2020
205,Environmental data across return.,Jesus Ramos,how,1/18/2020
206,For us establish quality western.,Olivia Bailey,so,7/18/2023
207,Get recognize spring past others large.,Jose Holder,lead,5/20/2024
208,World above along night student.,Stephen Ellis,capital,6/11/2020
209,Science general fine reason yet.,Lindsey Lee PhD,create,11/8/2020
210,Into you raise thousand bit such back.,Virginia Mercado,first,12/22/2019
211,Financial serious both yard evening door none.,Sandra Madden,technology,11/29/2019
212,According cultural street onto several somebody where.,David Patel,man,12/10/2020
213,Hard walk dream establish through line maybe.,Michael Johnson,country,4/17/2021
214,Career item common ago yourself.,Jessica Ramirez,foot,12/12/2021
215,Ground experience necessary center hand heart surface.,Shannon Miller,community,6/11/2020
216,Story allow oil interest.,Angela Bryant,watch,10/12/2021
217,Another cup early really pretty win.,Robert Schmidt,forward,7/2/2020
218,Option surface better.,Michael Gomez,employee,8/21/2021
219,Add reflect choice show.,Michael Anderson,game,4/2/2022
220,Year will might high stay yes.,Shannon Harrison,class,2/12/2024
221,Health ready today development science budget again kid.,Cheryl Robinson,evening,3/28/2024
222,Them lose physical all song.,Faith Haynes,charge,12/15/2023
223,Friend role should.,Derrick Martinez,similar,5/6/2020
224,By assume indeed eat book.,Jerry Quinn,western,8/12/2023
225,Respond be movie these knowledge.,Daniel Butler,positive,3/22/2023
226,Industry far perhaps walk head easy year image.,Anna Morgan,future,3/23/2024
227,Shoulder ago mother camera agreement expert should country.,Kevin Carson,no,7/15/2019
228,Left interview right reach easy.,Gerald Austin,civil,6/9/2021
229,Decision material sport trade.,Daniel Santiago,carry,9/17/2023
230,Last analysis radio drop life leader at.,Scott Coleman,better,1/2/2024
231,Keep result mind store way happen door.,Gregory Vasquez,go,8/17/2021
232,Past parent teacher second take finish early.,Ronald Roberts,administration,11/17/2023
233,Support interview data too actually.,Julie Henry,kind,10/1/2023
234,Color owner behavior describe represent.,Willie Williams,yourself,2/16/2020
235,Listen speech most.,Sharon Terry,quickly,5/5/2021
236,Option question mother once process six.,William Moody,newspaper,2/2/2022
237,Approach site make commercial.,Jennifer Miller,back,6/25/2021
238,Goal project free idea.,Luke Torres,their,9/25/2021
239,Water magazine seem available.,Michael Smith,rock,8/8/2019
240,Theory age beyond ago keep floor process.,Sabrina Riley,apply,12/31/2023
241,Son thought production speak month win.,Erin Chambers,decision,8/19/2023
242,Material must argue lose.,Daniel Andrade II,become,12/17/2021
243,Walk soldier artist choice along song few great.,Emily King,paper,8/12/2023
244,People good development alone family.,Samuel Juarez,space,3/2/2022
245,Most soldier voice question scientist need.,Sheila Hawkins,almost,8/22/2021
246,No health range card public.,Robert Castillo,couple,6/27/2022
247,Happy fish allow produce pretty myself no open.,Kevin Johnson,seat,2/1/2024
248,Develop direction task direction.,Travis Bryant,mouth,5/21/2021
249,Speak new list movement citizen best yes.,Michael Lambert,agreement,11/11/2019
250,Write today Congress member.,Joseph Franco,help,10/12/2019
251,Hair beautiful later while listen.,Jason Bush,prepare,7/30/2021
252,Oil catch power create market less in significant.,John Mitchell,worry,10/29/2019
253,Better size sport civil forget perform over.,Teresa Odom,work,3/19/2022
254,Member term power bar agreement treatment hair.,Colleen Owen,as,5/26/2021
255,Morning answer yard take enjoy factor report.,Kristin Walls,pressure,10/18/2023
256,Box treatment nature development forward.,Sarah Castro,already,3/14/2021
257,Boy itself way store security wind leader opportunity.,Aaron Henry DDS,in,7/8/2023
258,Difficult talk board teacher from even.,Nathaniel Taylor,analysis,11/23/2023
259,Customer hospital team fill form phone whether effect.,William Vargas,high,6/28/2023
260,City war ten by our event land.,Richard Pacheco,yeah,7/13/2023
261,Here himself be grow behind trial.,Michael Villa,generation,6/20/2019
262,Total color work fire himself view.,Jeremy Moore,when,8/22/2021
263,Ten necessary daughter late go.,Kristen Pearson,feel,10/9/2019
264,Do look explain should front.,Robyn Lucas,two,2/29/2020
265,Nothing we reason game yeah teach likely.,Laura Miller,day,3/19/2023
266,Data peace population sort.,Jacqueline Gay,my,9/8/2023
267,Entire plan size.,Erica Harrington,debate,9/17/2019
268,Special power magazine positive real.,Samantha Holmes,couple,1/16/2024
269,Military morning stop poor around.,Paula Wall,but,6/6/2024
270,Soon water hot Mr party.,Kristin Smith,throw,5/16/2021
271,Strong form base loss born.,Mrs. Joan Grant,until,5/20/2023
272,Night have civil commercial threat job beat.,Rachel Martinez,dark,7/10/2021
273,Modern film chance.,Amber Lopez,if,8/15/2022
274,Significant despite religious lawyer minute.,Linda Harris,fight,8/23/2022
275,Close hold face half.,Keith Wilson,common,6/9/2021
276,Up do break.,Robert Mcgrath,night,10/12/2019
277,Table person issue vote.,Brian Schneider,affect,12/18/2019
278,Doctor white friend forget group trial parent boy.,Brent Knox,coach,3/28/2021
279,Identify skill miss relate since make now article.,Karen Johnson,service,8/14/2019
280,Know force way.,Michael Alvarado,work,6/5/2022
281,Democrat material theory.,Jennifer Moreno,employee,12/20/2019
282,Back among this cultural.,Sherri Smith,political,6/1/2022
283,Hope how card land likely.,Thomas Galvan,floor,2/3/2022
284,Between police agency enter.,Joshua Smith,project,12/31/2021
285,Result since like next.,Mark Martinez,difference,9/25/2019
286,Lose citizen a trade seem.,Elijah Booth,give,9/24/2021
287,Seven direction effort area.,Erin Juarez,wish,1/5/2023
288,Help relationship let what painting raise own.,Joshua Fuentes,region,7/20/2019
289,Language section develop bill air stand film goal.,Nicole Guerra,financial,5/20/2024
290,Season may majority result.,Michael Martinez,beyond,12/7/2021
291,Recently reflect investment prove bill choose.,Jeffrey Skinner,soon,9/25/2020
292,Bed nothing near bit player wide believe.,Jacob Rowe,situation,7/23/2021
293,Song skin list theory.,Jason Bates,executive,8/4/2023
294,Benefit hard impact.,Phillip Garcia,opportunity,8/10/2019
295,Bad picture still news must sound.,Matthew Duke,data,11/27/2019
296,Hear better must international so me inside or.,Laura Miller,training,2/27/2022
297,Pick stage pressure music memory.,Jaime Fry,between,1/20/2021
298,Manager group write fill case eight anyone.,Adam Lee,away,3/30/2021
299,Cell as share live alone why campaign.,Brittany Bridges,yard,11/25/2019
300,Turn time whom college similar show.,Allen Moore,eye,5/12/2020
301,Thing Republican morning difference force most husband.,Christina Love,attack,1/29/2020
302,Technology sister despite medical.,Samuel Love,Congress,4/16/2022
303,Everyone behavior class song.,Andrew Mitchell,receive,11/17/2020
304,Direction describe close.,Anthony Potts,sometimes,6/15/2022
305,Attorney accept bring financial treatment.,Krystal Austin,for,12/2/2022
306,Tell investment teacher he agency business.,Anthony Lutz,short,2/28/2023
307,Help feel two likely state information.,Kelly Hartman,piece,7/20/2020
308,Learn news high prove interview.,Brandon Perry,draw,4/11/2020
309,Scene message force understand drop crime change.,Jason Obrien,language,2/22/2024
310,Under very kind war.,Bryce Miranda,add,3/8/2023
311,Brother entire quality he need city move.,Kevin Allison,kind,11/17/2019
312,Simple participant through wonder less method another.,Brian Robinson,three,10/8/2022
313,Current rock miss one reason give.,Barbara Torres,good,9/14/2022
314,Analysis he ask.,Kaitlyn Lara,attention,5/21/2022
315,Seat history could game radio school term.,Amber Hodges,price,4/18/2020
316,Concern hotel less.,Tyler Spencer,several,1/7/2020
317,Recent nor deal about true matter stand beyond.,Kathy Montoya,place,5/11/2024
318,Keep job project common husband ago cell.,Monica Schaefer,senior,7/24/2021
319,Pay suffer attention window feeling point seem.,Joseph Blake,knowledge,5/11/2020
320,Win method soldier itself news ahead.,Erica Rios,most,8/12/2020
321,Simple I similar and.,Andrew Mcgee,financial,1/7/2020
322,Late plan head space music.,Dawn Morgan,physical,11/4/2020
323,Available will institution military education.,Pamela Snow,recently,10/31/2020
324,Choice effect design newspaper cost fund hear.,Robert Hernandez,find,9/5/2022
325,Whatever reason him Mr.,Samuel Sanchez,never,1/20/2020
326,From red fight life school everything total.,Angela Mclean,garden,12/28/2019
327,Organization action not.,Joseph Williams,that,2/16/2022
328,Assume likely great whatever near.,Jason Morgan,arrive,7/5/2021
329,Full decide section coach truth deal color.,Brandon Ramirez,fear,3/3/2022
330,Bad always serious action.,Samantha Boyd,deal,11/12/2021
331,Ground style coach economic wait on.,Carol Lawson,race,9/4/2020
332,Age argue physical before education course around.,John Farmer,nor,10/7/2022
333,Customer pass reflect full scene always.,Jeremy Mcbride,performance,1/6/2024
334,Would mean clearly or trouble seem where.,Stephen Powell,fast,6/9/2023
335,Activity expect who room.,Crystal Johnson,them,12/27/2022
336,Camera month build ok senior bad cut paper.,Monica Collins,debate,5/6/2022
337,Though its soon begin.,Geoffrey Peterson,unit,2/1/2021
338,Back reveal former stand evidence by.,David Adams,available,7/8/2020
339,Bank piece international father take good.,Robert Reynolds,manager,8/9/2019
340,Within teach name home.,Melissa Parks,sit,8/31/2022
341,And address than none.,Lisa Garcia,recently,11/23/2019
342,Green but vote night least.,Barbara Miller,unit,3/5/2022
343,Move will break age.,Maria Dixon,fire,3/26/2022
344,Window this evidence sign city create care.,Samantha Campbell,thus,1/2/2024
345,Discover kid senior art religious reduce yeah.,Sarah Williams,popular,3/24/2023
346,Able themselves give race window.,Tracy Clark,game,5/16/2022
347,Fund project for see small.,Becky Owens,him,10/1/2023
348,Science contain say consider color in range.,Molly Smith,city,2/8/2023
349,Walk body imagine interview real skill goal.,Shawn Davis,visit,9/5/2021
350,Family ready north much year.,Stephen Rodriguez,significant,3/9/2024
351,Page themselves recognize sort sometimes physical part.,Samantha Trevino,picture,5/16/2020
352,Forget southern born.,Lisa Nicholson,religious,5/14/2021
353,Building guess threat act adult.,Karen Dominguez,old,12/26/2021
354,Participant account a second film determine.,Sheila Bauer,if,10/5/2023
355,Pattern young environment street easy nearly but tree.,Mr. Mark Allen,maintain,2/15/2024
356,Agent easy task language clearly carry.,Leah Estrada,black,2/4/2024
357,They whose Congress personal.,Matthew Duncan,different,2/12/2022
358,Population director smile later significant.,Jorge Martinez,music,5/5/2021
359,Simple with side.,Anna Wagner,weight,5/10/2021
360,Yes high save senior history third.,Antonio Miller,spend,10/15/2020
361,Into your section themselves live source realize.,Kimberly Cummings,hope,5/17/2021
362,Sport wrong full explain serious network.,Brad Palmer,change,11/1/2019
363,Executive treatment bad wide thing.,Charles Wise,attention,8/29/2020
364,North region suffer election dark.,Samuel Olson,spend,8/6/2020
365,Whatever production paper admit cost.,David Sims,throw,4/12/2022
366,Leave measure computer.,Joseph Norris,yeah,8/11/2019
367,Return detail second strategy.,Ernest Pruitt,care,7/10/2022
368,Say us he green.,John King,detail,12/13/2019
369,Lay none early several treatment old economic.,Brian Hanson,poor,11/30/2021
370,Court he personal one before type seven.,Katherine Zuniga,investment,9/6/2021
371,Scene drop some a accept.,Brandon Mora,ask,7/15/2022
372,From officer education sense raise task age.,Mr. Christopher Ayala DDS,our,10/1/2022
373,Democrat gun politics.,Adriana Wilson,room,5/29/2020
374,Strong several ok theory blood player.,Christopher Wells,successful,7/16/2021
375,His far job player but home perhaps sort.,Kathleen Phillips,everything,1/31/2022
376,Level throughout sound anything close expert.,Ashley Johnston,strong,2/28/2024
377,Simply while administration especially hit.,Brittany Knapp,animal,9/29/2021
378,Magazine perhaps apply campaign audience small model character.,John Perez,open,3/1/2022
379,Discover respond watch.,Tyler Benson,look,12/28/2023
380,Either service them leave.,David Collins,scene,5/16/2020
381,Chair fall success easy scientist catch reveal suggest.,Caitlin Smith,can,3/14/2022
382,Movement term avoid kind.,Dennis Baldwin,sport,12/30/2023
383,Difficult material share war red.,Luis Lopez,industry,8/12/2021
384,Mention despite bit action.,Christine Lopez,section,9/7/2022
385,Or huge relationship clearly begin.,Laura Ellis,environment,9/12/2019
386,Safe teach some sea marriage actually.,Crystal Maxwell,go,7/29/2021
387,Want admit east speech enjoy.,Monica Molina,point,8/20/2020
388,Now success visit war open.,Dawn Fernandez,understand,10/28/2022
389,Population develop every life modern.,Darren Martin,history,12/26/2019
390,Project my establish stay north me movement.,Jeremy Webb DDS,maybe,12/13/2023
391,Itself feel ball better suffer policy.,Laurie Scott,father,4/26/2024
392,Today paper of industry.,Benjamin Owen DDS,radio,1/12/2020
393,Bed chance future though special animal.,Helen Shaw,those,1/17/2024
394,Keep trip poor be.,Melanie Fox,have,12/13/2023
395,Among short parent rich trial.,Kevin Young,instead,12/12/2023
396,Point address talk candidate myself.,James Lynch,entire,8/21/2019
397,Cost among relate and.,Barbara Brown,actually,11/21/2020
398,Page human stock good condition key person.,Jenna Smith,international,12/26/2021
399,Physical level indeed activity cup Democrat drop thing.,Cheryl Cooper,cost,7/11/2021
400,Smile financial social school family bad edge.,Rachel Perez,at,12/19/2020
401,World east service play environment.,Tammie Lang,sit,2/28/2020
402,Ok machine usually significant woman home position.,Shaun Bowman,impact,12/10/2019
403,Recent worker amount clearly successful lot decade.,Natalie Jones,hand,9/24/2019
404,Policy glass factor song ground hospital.,Veronica Lin,skill,4/24/2022
405,American investment way identify letter.,Bob Garcia,cell,7/5/2021
406,Brother certain property space letter and individual half.,William Moore,once,11/24/2020
407,Mission I get.,Omar Garcia,development,7/7/2021
408,Above day detail decide part stand.,Jason Choi,challenge,4/26/2022
409,True trouble finally bag quality financial.,Jerry Chen,act,6/30/2019
410,Station lose apply nor big trial Republican beautiful.,Kelly Mcknight,successful,12/8/2023
411,Expert walk art prepare fast she field write.,Gregory Martin,almost,3/31/2024
412,Each upon keep true garden.,Beverly Maldonado,list,3/22/2023
413,Firm everybody little either western.,Erika Wheeler,human,4/13/2020
414,Candidate weight which.,Leah Mills,kind,7/17/2019
415,Technology seek always management.,Joseph Welch,idea,1/7/2023
416,Career sometimes consider discussion final ten stay everyone.,Willie Henderson,deep,9/24/2020
417,Trip happen husband far less.,Michael Brown,help,8/2/2019
418,Medical short capital generation.,Charles Woodward,big,9/2/2021
419,Capital service institution.,Miss Amy Watts,guess,4/22/2021
420,May while very ready least.,Billy Johnson,fact,12/2/2023
421,Window within have state.,Michael Bauer,already,3/27/2021
422,Near change moment service throughout remember ahead.,Julie Stevens,American,12/31/2020
423,Specific deep by there paper religious piece.,Felicia Wong,artist,7/11/2022
424,You trial national still despite south whole.,Christopher Smith,list,1/16/2023
425,Democratic measure field already process activity.,Matthew Pacheco,product,2/18/2022
426,Major teach believe Congress state.,Kevin Glover,former,3/31/2020
427,Most cause line military manage economy.,William Mcclure,financial,6/5/2021
428,Claim those show from international so beat.,Mark Torres,teacher,9/18/2022
429,Especially something much face yourself information blood.,Victoria Martin,could,12/31/2020
430,Deep financial smile section nearly.,Carol Harris,number,5/7/2024
431,Identify song agree property.,Austin Mejia,thank,12/11/2020
432,No talk deal reveal finally.,Mallory Davies,party,6/29/2023
433,Lawyer them option article.,Teresa Guerrero,all,10/29/2020
434,Dream may often party.,Anthony Murphy,recently,12/12/2023
435,Development movie today interesting worry maybe.,Joseph Jones,friend,5/28/2021
436,Management kitchen quality hard.,Jason Andrews,think,3/3/2023
437,All write deal Republican various hospital back.,Tammy Baxter,either,1/26/2021
438,Medical season car this reduce surface recent.,Jesus Martinez,wind,6/17/2020
439,Couple late then perform case down board.,David Macdonald,enjoy,11/9/2019
440,Maintain threat million tend.,Melissa Stephens,plant,11/6/2020
441,Hand reveal wind sport.,Karen Cruz,bed,10/28/2021
442,Argue the pay southern person thousand.,Amanda Irwin,operation,11/24/2019
443,There major author government American.,Nathan Randall,yourself,6/11/2023
444,Realize use station six station.,Danielle Colon,myself,1/15/2021
445,Force possible rule this since.,Christopher Wilson,different,9/20/2019
446,Catch agreement hand.,Jacob Marshall,box,10/18/2019
447,Work first entire else dream any member memory.,James Gordon,meet,8/15/2019
448,None tree son carry model.,Megan Schaefer,prevent,10/8/2022
449,Grow record heart expert enjoy risk Congress.,Cory Collins,wish,3/13/2021
450,By measure ask national local result not.,Ann Franklin,laugh,9/29/2020
451,Factor heart understand get.,Joshua Kelly,modern,1/31/2024
452,Trade through continue base moment thing main.,David Gonzalez,first,11/24/2019
453,Sense adult generation fear five thought any.,Timothy Scott,film,3/31/2021
454,Me civil someone give better benefit.,Nicholas Stewart,manager,9/14/2023
455,Memory night trade available type.,Vincent Powell,sense,11/17/2020
456,House fight return fast personal.,Angela Watts,difficult,4/24/2022
457,Arm put front article can event reduce forward.,Phillip Ruiz,born,8/27/2019
458,Century ground administration loss well rule move.,Matthew Chang,this,9/15/2021
459,May office pick main week perhaps.,Ann Montgomery,space,2/8/2022
460,Organization dark middle forget husband foot.,Carla Stout,all,2/16/2023
461,Again behavior theory me any.,Leslie Anderson,office,1/11/2021
462,Federal floor some if debate ask.,Travis Wolfe,site,9/13/2019
463,Business city stand suffer act.,Caitlyn Mccoy,million,12/4/2020
464,Hit great weight program.,Sandra Velez,science,7/13/2020
465,If soldier enough attack player send.,Olivia Garcia,child,7/25/2023
466,Morning morning charge once.,Heather Whitehead,fill,10/15/2022
467,Face despite someone performance bag hold.,Trevor Morris,particular,9/10/2019
468,Total say full particular real partner who civil.,Joshua Hall,yeah,5/24/2024
469,Until also husband attorney strong produce.,Ann Chapman,want,6/22/2019
470,Teacher field case those charge region.,Belinda Rivera,decade,5/3/2021
471,Join consider hand there thing.,Laura Wright,somebody,5/6/2022
472,Impact represent finally her life represent yes.,William Lopez,least,11/18/2022
473,Own meet author event however or him.,John Olson,stock,3/10/2024
474,Campaign sense nor for.,Joseph Holt,seven,11/15/2019
475,Send wind role return policy form most get.,Joshua Roach,always,7/23/2020
476,Day not fear.,Michael Crane,meet,4/12/2024
477,View table himself space yes.,Dawn Humphrey,kind,12/17/2023
478,Fish adult throughout degree reach themselves.,Matthew Ponce,increase,9/27/2021
479,Enter modern thank.,Dr. Christy Mills DDS,speak,5/29/2023
480,Bad major spend customer ten.,Susan Roberts,down,2/22/2022
481,Least surface station movement fly bit place.,Philip Rogers,somebody,10/21/2021
482,Activity be through.,Brandon Thomas,according,12/1/2019
483,Color can play radio without wear road.,Richard Ramirez,executive,12/7/2022
484,Total ever price serious.,Stephanie Serrano,fund,6/8/2023
485,Serve but show energy manage choose instead.,Andre Phillips,writer,6/1/2024
486,National establish cultural.,Stephen Thornton,successful,5/27/2022
487,Together employee on her catch upon.,Francisco Johnson,table,9/24/2023
488,Itself skill American.,Dylan Edwards DDS,step,6/19/2020
489,Turn lead information worker size car member.,Daniel Parker,everything,5/25/2024
490,Run television direction nothing usually run ability.,Tiffany Harris,people,8/15/2021
491,Admit call leader measure interesting drive report much.,Andrea Cole,final,1/10/2020
492,Ask at watch almost service.,Dr. Jeffrey Berger DVM,population,7/12/2019
493,Any mission paper a wish so away.,Michael Rose,push,6/11/2021
494,Somebody almost wear south laugh.,Tara Lutz,somebody,8/29/2023
495,Mrs attention available air move according wide.,Elizabeth Little,ago,2/5/2020
496,Prepare our under six resource shoulder sister.,Gary Phillips,budget,3/18/2023
497,Reflect data among operation onto day.,Holly Trevino,tend,2/1/2022
498,Heart give standard.,Leslie Dixon,effect,3/28/2020
499,Sport fire produce available road guy should.,Russell Hopkins,else,3/28/2024
500,Property successful subject husband eight firm pull.,Antonio Gay,show,2/29/2024
501,Election protect happen analysis adult.,Danielle Love,American,11/3/2019
502,Indeed consider white note never those.,Raymond Hayes,read,9/2/2019
503,Work yourself role light.,Mary Medina,administration,2/20/2023
504,Contain herself PM.,Robert Gonzalez,detail,6/26/2019
505,Happy vote process who.,Robert Williams,dinner,1/27/2023
506,Imagine director though computer spend cup write.,Gary Clarke,knowledge,1/6/2022
507,Meeting money adult state film.,John Miller,money,4/22/2024
508,Spend effect respond they according.,Holly Nelson,situation,11/11/2023
509,Week according collection star sure.,Billy Johnson,million,2/25/2024
510,Social direction ago song why night treatment.,Kayla Moreno,early,2/1/2021
511,Realize small mouth collection.,Dana Horton,direction,5/6/2021
512,Air administration address pressure.,Rachel Flores,important,11/19/2020
513,The someone ever job.,Joshua Scott,ten,12/25/2021
514,Character far garden either forward.,Andrea Wright,show,9/27/2022
515,Who single sense pattern commercial city area.,John Williams,very,6/12/2022
516,Without west several these service bring.,Scott Robinson,speak,4/25/2022
517,Record professional structure get each check.,William Lopez,family,9/15/2023
518,Conference entire require human next father.,April Thomas,into,2/23/2020
519,Huge away student much nature over class.,Emily Ritter,some,2/13/2022
520,Ready conference world know.,Heidi Morrison,network,4/12/2022
521,Similar popular series girl.,Lori Spears,government,1/12/2023
522,Arrive kid effect none.,Stephanie Smith,none,7/31/2020
523,Mouth interesting current fight month game great.,Molly Reynolds,happy,6/26/2021
524,Through wife easy possible guy.,Stephanie Barajas,agree,1/11/2024
525,Measure tough current contain.,Carolyn Frey,soldier,1/20/2021
526,Sell deep meeting wide return.,Dennis Fields,admit,2/1/2022
527,Similar more eye thus about south his.,Stephen Waters,second,3/5/2021
528,Green drop outside who staff raise air.,Leslie Myers,which,5/31/2022
529,Apply trouble necessary treatment moment.,Sara Aguirre,away,6/13/2023
530,Dog one foot room million culture professor.,Gregory Mccann,front,12/23/2020
531,Friend billion once.,Patrick Castro,effort,4/20/2021
532,Child year water hear girl stage.,Tabitha Cunningham,upon,6/16/2020
533,Stay enjoy while bag.,Regina Diaz,finish,10/9/2021
534,Into hair thank.,Valerie Burke,national,2/3/2021
535,Rise together lose agreement agent radio mind.,Taylor Allen,throughout,8/31/2021
536,Body field first century challenge could exactly charge.,Victoria Harris,market,5/30/2024
537,Run go happy trade soldier series.,Craig Johnston,material,6/19/2020
538,Quite project picture environmental.,Amy Price,foot,9/1/2019
539,Family truth fight parent behind.,Lee Johnson,few,7/4/2019
540,For spend war road artist outside thank within.,Joseph Robinson,land,11/18/2021
541,Stay music let long detail situation son parent.,Robert Ryan,film,7/13/2019
542,Only free particularly risk these month sign.,John Shea,suggest,8/18/2021
543,Join scientist similar land choose want begin pattern.,Lynn Chavez,when,5/10/2024
544,Establish fill red ready.,Linda Morton,operation,7/26/2019
545,Business so weight budget structure discussion.,Karen Perez,school,4/9/2022
546,Whatever term public which between send.,Kristine Friedman,newspaper,3/7/2023
547,Ahead idea base recognize author pull find.,Sherry Reed,somebody,9/6/2019
548,Individual week stock full when decade.,Denise Rose MD,account,3/13/2023
549,Make industry war boy produce both.,Alex Hurley,early,9/6/2019
550,Event experience detail hotel sit we grow.,Marissa Cummings,eat,5/31/2023
551,Look need star.,Kelly James,game,11/19/2023
552,Law office crime local night.,Tyler Allen,change,4/29/2022
553,Economy never region officer product light.,Joel Proctor,only,5/17/2023
554,Brother everybody mind TV its which.,Matthew Collins,child,12/4/2019
555,Coach once team environment cultural religious hold.,Lawrence Wang,later,4/16/2024
556,Forward start staff point.,Jason Hamilton,memory,12/5/2023
557,Move side six get player wife suffer.,Ashley Carter,inside,3/28/2022
558,Wonder Democrat weight art owner respond drive.,David Meyers,reason,8/29/2019
559,Walk hour two challenge become blue.,Troy Fuentes,far,7/17/2023
560,Inside may high south.,Miguel Hughes,writer,11/14/2020
561,Improve lose remain letter instead least.,Jennifer Kirby,Mr,11/22/2020
562,Pattern baby east.,Kenneth Rodriguez,commercial,5/12/2020
563,Common back thus imagine arm.,Karen Thomas,debate,11/27/2021
564,Whether whether ready board feel camera.,Dennis Horne,create,9/14/2022
565,Good own born plan big.,Amy Ruiz,down,1/14/2023
566,Trade represent yard any sit.,Daniel Fuentes,happy,5/20/2023
567,Defense per drop enjoy program technology measure.,Carly Robbins,believe,7/18/2023
568,Religious soldier person idea.,Ryan Kent,whose,6/27/2022
569,Great today generation end billion.,Sharon Mckenzie,top,11/5/2020
570,Truth stop head vote lot upon.,Austin Stewart,perform,1/27/2020
571,His box lay guess difficult my.,Brian Frank,audience,1/6/2023
572,Seem forget spend remember.,Rachel Moore,friend,10/30/2021
573,Exist save contain option.,Samantha Brennan,local,8/30/2022
574,Development media produce always on kid door.,Lauren Jones,to,6/22/2022
575,Notice himself away message.,Brandon Curry,cold,4/9/2023
576,Six whole same rate election administration report matter.,Brandon Ritter,perform,8/9/2019
577,Show two cover enter stuff country.,Madeline Garcia,happen,7/22/2021
578,Grow should produce religious allow.,Randy Wheeler,especially,7/23/2022
579,News human recognize across tend population difference.,Matthew Morales,exist,2/18/2024
580,Great moment so country yet.,Steven Freeman,choice,10/15/2019
581,Mission by rock this finally training.,Michael Jennings,discover,2/18/2021
582,Population education study real production with.,Kaitlyn Holden,thank,9/27/2023
583,Vote north us station.,Lindsey Wheeler,environment,3/13/2024
584,Social thank newspaper modern series soon particular person.,John Ramirez,such,1/31/2021
585,Forget report series human marriage.,Brittany Brown,opportunity,2/25/2020
586,Risk history voice relate report.,Sandra Knapp,interview,7/14/2023
587,Week step speech memory produce check night.,Andrew Quinn,style,1/4/2020
588,Specific point positive must.,Lisa Hunt,each,2/3/2022
589,Able somebody who media today science here finish.,Elizabeth Kirby,step,12/5/2021
590,Your around process mention energy certainly.,Janet Price,hit,2/6/2022
591,Despite politics want language build say body.,Nicole Strickland,tough,7/1/2022
592,Education wear often why.,Jeffrey Hoffman,address,7/31/2019
593,Officer realize foreign six cup cell.,Margaret Turner,couple,5/22/2020
594,Conference evidence enough actually expert.,Brandi Jensen,middle,4/3/2023
595,Radio kid explain person.,Janet Stafford,purpose,7/30/2023
596,Through animal take win into defense.,Curtis Benson,part,8/5/2020
597,Determine ball us approach food.,Audrey Rodriguez,employee,8/24/2022
598,Just style night child box market.,Christopher Sanchez,computer,5/6/2021
599,Through physical agreement.,Gregory Daniels,head,3/4/2024
600,Green news ready travel off little sister suggest.,Chad Garza,let,12/3/2021
601,You writer image agency future she fund.,Robert Rogers,response,2/5/2020
602,Present still night knowledge.,Mary Boone,line,7/25/2019
603,Now consumer heart have admit fast carry.,Sierra Wells,art,6/21/2022
604,Industry focus partner development item.,Lisa Ramirez,administration,3/15/2020
605,My American leg network same measure.,Tina Johnson,situation,9/15/2020
606,Section it policy across others would when last.,Julian Richardson,beautiful,7/22/2019
607,Billion sit side understand make decade section.,Jill Grant,service,10/23/2020
608,Voice stage boy main.,Melissa Smith,right,5/2/2021
609,Identify world again family.,Johnny Reed,coach,10/4/2022
610,Manage may wonder another certain gun.,Steven Stewart,allow,12/21/2021
611,Night after present onto positive long so.,Shawn Powell,free,6/14/2023
612,Of must throw thank doctor son second.,Jennifer Curry,director,12/2/2021
613,Maintain account energy base matter including.,Kimberly Porter,rule,1/2/2020
614,Only without hand continue suggest.,Jimmy Evans,huge,4/8/2022
615,Station process stuff by energy star manage red.,Mark Robinson,could,6/2/2022
616,Begin talk none believe box.,Joseph Rodriguez,cost,1/3/2024
617,Mrs down animal especially try hair without all.,Ryan Riley,fear,1/29/2021
618,Ever man table cost dark book.,Robert Armstrong,the,4/14/2021
619,Recently executive bad.,Reginald Martinez,success,3/3/2023
620,Lot western front him.,Natalie Martin,market,8/19/2023
621,Guess understand degree maybe cut.,Hunter Morrison,prove,2/18/2021
622,By instead future west power message.,Benjamin Ryan,stand,1/1/2020
623,Themselves end rate.,Jeremy Morgan,college,4/16/2022
624,Deal develop many.,Dawn Stuart,message,7/1/2022
625,Blue relate choose method rise indeed relationship.,Andrew Hays,happen,9/27/2019
626,Marriage role view.,Holly Gates,quality,4/17/2022
627,Know outside buy discover compare.,Mark Ingram,throughout,1/3/2021
628,Behavior responsibility woman draw.,Joseph Williams,difference,12/13/2022
629,Usually happen north partner radio arm.,Deborah Lewis,must,2/19/2022
630,Year simply month sit onto Congress knowledge morning.,Mariah Fowler,individual,7/14/2023
631,Camera pass degree.,David Rivera,local,8/2/2020
632,Carry despite newspaper partner pretty picture anything.,David Williams,fight,12/18/2021
633,Ever computer himself attention.,William Robinson,western,4/21/2022
634,Official trouble deal image college.,Todd Thomas,land,11/30/2022
635,Much amount until.,Casey Johnson,sure,12/15/2023
636,Evening develop talk future investment.,Jamie Chavez,rock,10/20/2021
637,Century me experience sign.,Sean Stafford,image,12/16/2020
638,Machine it return.,Natalie Brown,stop,6/18/2020
639,Turn successful more go tax.,Shawn Adams,page,12/1/2023
640,Their federal new too large buy kind.,Cristina Sexton,game,1/13/2022
641,Necessary smile executive college successful.,Shelly Peck,talk,12/26/2023
642,Reality half billion be.,Julie Reynolds,unit,9/21/2021
643,None beautiful value according finish board history.,Robert Martinez,order,7/23/2021
644,Someone test high impact low still sound perform.,Amy Patterson,common,8/10/2019
645,Indicate certainly generation.,Edward Robertson,run,9/28/2019
646,Deal deep travel machine school.,Austin Reyes,set,9/12/2019
647,Hotel your win shoulder lot half according.,Spencer Freeman,report,4/18/2022
648,Class arm car management base day.,Amanda Cuevas,represent,12/28/2021
649,Season student next exist young analysis theory national.,Raymond Pena,positive,5/20/2020
650,Staff price occur strong year still matter commercial.,Carrie Collins,page,5/14/2023
651,Short floor public as expert important.,Mary Clark,structure,9/20/2023
652,Fear leader choose model husband.,Margaret Ray,specific,1/15/2021
653,Serve report turn have.,Danielle Fitzgerald,church,9/2/2019
654,Guess anything hand million.,Nathaniel Gutierrez,ever,3/12/2023
655,Sure black audience race industry forget.,John Carroll,affect,6/12/2020
656,Themselves chair magazine kitchen expect.,Kelly Harrison,reveal,2/10/2022
657,Heart think least two.,Christine Winters,sea,3/3/2023
658,North cold figure mother police.,Matthew Martinez,seek,4/16/2023
659,Surface real audience charge possible try.,Robert Kelly,kitchen,7/12/2021
660,Analysis water woman nor college.,Glenda James,charge,11/27/2023
661,Others rock suggest.,Miranda Summers,parent,3/9/2024
662,Her wait box theory one power first.,Glenn King,rest,5/20/2023
663,Computer star law step chance foot.,Danielle Perez,relationship,9/29/2022
664,Conference plan set consider course expect.,Brittany Kelley,goal,9/22/2019
665,Establish one wonder move traditional.,Jamie Fisher,thus,11/20/2020
666,Set call never voice.,Brandon Miller,tonight,10/22/2022
667,Build level hand create generation happy.,Curtis Miller,stay,8/18/2023
668,Security picture score feel real than third.,Daniel Davis,key,11/26/2023
669,Career anyone beautiful water never.,Benjamin Valdez,recognize,11/23/2019
670,Need movement management foot western media.,Colleen White,voice,1/15/2022
671,See market the natural television down.,Matthew Holland,field,2/18/2022
672,Threat in person anything.,Amy Mitchell,each,10/30/2022
673,Good long ahead nation candidate single per.,Dana Campbell,discussion,8/9/2020
674,Stop anyone everyone everybody you whether.,Kendra Hogan,field,6/28/2020
675,Experience once occur exist give none.,Emma Stevenson,plan,9/9/2021
676,Author lawyer fund small evening.,Mrs. Lori Cuevas,bill,12/27/2023
677,Recently school indeed little movie.,Cynthia Snyder,difficult,12/13/2019
678,Statement near condition soon change at threat understand.,Aaron Smith,prepare,8/27/2019
679,If history piece drop represent many culture cup.,Charles Wiggins,face,5/6/2021
680,Live ahead view.,Jonathan Holmes,surface,2/3/2024
681,Scene maybe firm paper western keep avoid.,Bradley Williams,discover,3/2/2021
682,Against part ready sell world level anything.,Leslie Long,fire,5/3/2024
683,None responsibility worker wife part compare.,Kenneth Byrd,brother,10/29/2019
684,Play among discuss cultural.,Daniel Dudley Jr.,course,2/4/2021
685,Image especially enter baby fear lead.,Brandon Christensen,church,12/23/2023
686,Figure eight road trade difficult describe high.,Kendra Summers,federal,12/6/2020
687,Another item some reality commercial major.,Lee Phillips,wish,12/16/2020
688,Keep offer man cultural hospital too.,Paul Leonard,news,8/24/2022
689,Maybe decide listen important usually spring himself.,Beverly Jones,success,12/23/2019
690,Six push various order free opportunity answer.,Robert Miller,place,9/22/2022
691,Operation those name cover side article national.,Kelly Walker,whose,3/13/2024
692,Should free you sell toward arrive member.,Ana Gates,here,5/11/2022
693,Call tell place exactly.,Steven Koch,beat,3/23/2021
694,A first herself chance station chance.,Michael Henderson,thus,6/9/2020
695,Evening involve live crime.,David Buck,serve,10/11/2022
696,Discussion who five today.,Jason Mitchell,own,4/27/2023
697,Among language surface why look.,Bradley Rios,view,2/21/2023
698,Conference sign onto laugh drug produce he.,Rebecca Lopez,matter,8/27/2020
699,Weight series education society take song population.,Clarence Olson,some,12/10/2019
700,Democratic within huge.,Robert Parks,weight,8/31/2023
701,Account leader since art.,Jessica Garcia,majority,10/16/2021
702,Bed blue hair now.,Michael Diaz,partner,11/26/2021
703,Much food safe but you.,Jodi Martinez,town,6/4/2023
704,Figure the them fish others.,Roger Finley,provide,8/16/2020
705,Letter wish necessary.,Jason Lee,large,7/15/2019
706,Way shoulder peace huge within foreign.,Kathryn Rogers,coach,4/13/2023
707,Could add sure add change.,Nicholas Thomas,interview,5/31/2024
708,Gun action natural upon.,Dr. Jacqueline Carlson,as,2/5/2022
709,Edge card style career perhaps keep response record.,Paul Tucker,age,10/25/2021
710,Develop Republican speak bag amount listen radio.,Mr. Gary Velazquez DDS,threat,2/3/2023
711,Organization produce century central.,Ashley Robinson,hundred,7/9/2023
712,Book challenge always culture name will.,Peter Garcia,picture,6/19/2021
713,Outside approach perhaps fish reach after learn.,Terry Phillips,Republican,7/8/2020
714,Stand quality visit.,Bradley Henry,teach,1/5/2020
715,Student policy begin positive.,Jessica Turner,suffer,6/19/2019
716,Mother full court store available heavy movie.,Lindsey Ellis,figure,2/22/2022
717,Pm run marriage take discover likely thousand.,Gina Martinez,force,3/24/2022
718,Language pull hope big board list quality image.,Misty Wilkerson,account,6/8/2022
719,Company leader management both either.,Kathryn Hernandez,believe,2/9/2023
720,Citizen power Democrat toward plant.,Nicholas Arellano,policy,11/23/2022
721,Develop result off house return large.,Nicole Brown,rich,11/26/2020
722,Score picture live evening.,Robin Harris,necessary,3/18/2022
723,Page exactly your.,Victoria Clark,enjoy,1/15/2024
724,Less wear too trip particular.,Keith Oneill,scene,7/17/2023
725,Plan debate method brother.,Arthur Barnett Jr.,direction,3/28/2020
726,Staff he something reason agency.,Ronald Rose,party,2/27/2021
727,Parent if find behavior picture continue.,Maria Stewart,never,6/11/2020
728,Issue left manager image can industry.,Amy Garcia,great,7/8/2020
729,Nice front manager board peace while.,Patrick Gonzalez,professional,1/22/2021
730,Example herself somebody so address.,Audrey Shannon,rather,9/7/2019
731,For difficult measure.,Jeffrey Perez,anything,5/11/2024
732,Deal child computer save manage assume discuss.,Jennifer Avila,word,7/2/2019
733,Collection page add drop surface.,Renee Snyder,name,5/9/2024
734,Much upon common above teacher more.,Peter Torres,drug,12/2/2022
735,Take purpose while serve vote speak science.,Justin Watkins,line,12/2/2022
736,He education director accept I.,Kiara Fernandez,woman,7/3/2023
737,Actually owner huge stuff toward.,Richard Gilbert,share,1/27/2022
738,Image notice instead sister seem.,Adam Collins,human,1/19/2022
739,Clearly might image go win.,Jared Hull,time,1/11/2024
740,Admit difficult we program.,Justin Williams,rock,3/27/2023
741,Region tell shoulder.,Anthony Hebert,remember,9/23/2019
742,The second yard site response soldier.,Ronald Vasquez,clear,1/24/2020
743,Involve huge son party argue against.,Danielle Smith,because,12/14/2022
744,Actually issue group.,Matthew Davis,natural,7/16/2019
745,Affect face development successful too.,Stephen Martin,fish,2/4/2020
746,Will nice brother professional.,David Grant,on,1/3/2024
747,Bed position than author expect.,Brandon Taylor,go,12/4/2019
748,Truth become go western environment important card.,Daniel Williams,girl,4/6/2020
749,Drive song at old.,Carla Fox,car,1/15/2022
750,Traditional center give eye.,Lisa Murphy,mission,7/8/2020
751,Tough reflect onto.,Gavin Wilson,while,7/18/2023
752,Experience still pretty general girl.,Abigail Rogers,personal,1/18/2021
753,Old fill fast month others reduce positive.,Lisa Burnett,anything,5/23/2023
754,Special project environmental middle travel successful follow.,Carrie Peterson,stand,10/3/2021
755,Site chair dark next security investment.,Steve Mcfarland,rule,10/14/2022
756,Paper house cell run indicate outside.,Melissa Erickson,take,10/7/2021
757,Her history back sometimes like director town more.,Erica Irwin,note,5/17/2023
758,Process they hard sound care piece beautiful.,Victoria Parks,evidence,11/11/2022
759,Under future third purpose prove establish seat.,Brittany Mccall,skin,7/11/2021
760,Look nor station his personal.,Daniel Morgan,international,5/24/2023
761,Bit form man still.,John Perkins,long,4/23/2021
762,Financial idea ground unit own.,Tracy Wright,seat,2/6/2021
763,Real either religious later.,Brady Moss,enjoy,7/9/2021
764,Crime customer similar remain political quality door.,Joseph Richardson,stay,12/20/2021
765,Great herself early detail language.,Martin Bates,main,8/2/2023
766,Once young media sport all fish.,Amy James,door,2/3/2024
767,Over despite good.,Ashley Bradford,radio,2/12/2020
768,Sit school sure all beat speech want.,Sean Smith,sea,12/30/2019
769,Series happy option born know choice easy.,Johnny Jordan,whole,12/26/2021
770,Character cup than them better heavy break.,Anthony Preston,then,8/7/2019
771,Or property interesting institution positive bring.,Stephanie Poole,trip,1/17/2021
772,However thought military station method focus.,Christine Reid,other,3/7/2023
773,Us early radio.,Stacey Rodriguez,wear,1/1/2020
774,Doctor young stock model child area long price.,Walter Flores,cell,2/13/2023
775,School traditional trade feel hair.,Jordan Mason,understand,10/13/2022
776,As threat guy financial each subject.,Laura Craig,second,5/22/2020
777,Several small company standard Republican.,Christopher Mooney,amount,7/19/2022
778,Government high cultural explain me change student.,Allison Tran,nice,10/20/2022
779,Someone beyond somebody two wear.,Donald Carlson,land,11/16/2019
780,Party pull experience per.,Brent Singleton,wall,7/5/2023
781,Avoid industry more.,Stefanie Cooper,decade,6/3/2020
782,Recently matter cover until identify follow course picture.,Michelle Grant,guess,5/4/2020
783,Hot authority color detail.,Ralph Hutchinson,realize,1/15/2020
784,Parent live win employee call still cup.,Tommy Freeman,outside,7/17/2022
785,Response article program agreement together.,Alice Adams,civil,2/8/2022
786,Past program media boy site for.,Andrea Tucker,real,8/26/2022
787,Impact growth drive movement interview.,Karen Martin,Democrat,10/24/2021
788,Century address listen eight fly yet responsibility.,Robert Wright,image,3/29/2020
789,Candidate enter suggest pay thus.,Christina Watson MD,sense,8/25/2023
790,Exist claim chair agent sport small.,Laura Cohen,again,11/26/2021
791,Still blue choice budget meet.,Suzanne Perez,claim,10/9/2021
792,Article respond program.,Candace Morris,possible,5/16/2022
793,Education as career near available director although.,Daniel Whitehead,just,6/25/2023
794,Whose heavy these wrong face school if.,John Shields,compare,1/19/2021
795,Employee rest both account.,Karen Murray,environment,3/23/2020
796,Treatment challenge conference middle.,Barbara Allen,great,10/12/2020
797,Kind by anyone gun drug.,Devon Dunn,buy,1/17/2020
798,Often summer soldier.,Jared Martin,especially,7/25/2019
799,Hot source gun account describe.,Kathleen Navarro,make,1/3/2022
800,Very can break Congress note fall.,Kathleen Garner,why,12/20/2022
801,May agency reveal drop manage.,Christopher Miller,concern,5/27/2023
802,Expect push church.,Lisa Rose,house,1/3/2024
803,Hundred I what play ability tell.,John Paul,two,9/10/2023
804,Chance civil after why natural.,Kevin Velez,take,10/15/2022
805,Point floor paper party once trade address.,Joseph Nichols,week,8/28/2021
806,Continue wrong hundred low officer.,Heather Garner,reflect,10/30/2019
807,Force policy huge determine medical.,Melanie Robles,center,3/3/2024
808,Campaign mouth them power sort environmental.,Carla Jones,discussion,1/1/2023
809,Month near policy able imagine walk note.,Matthew Acosta MD,know,5/2/2024
810,Station eye hold car tax man.,Alexandria Johnson,page,1/21/2024
811,Clear will strong process.,John Pace,movement,3/13/2024
812,Discussion son up benefit leader quite.,Nicole Woodward,office,1/30/2022
813,Source science offer no one child offer.,Wesley Hernandez,tonight,10/22/2021
814,Month really hand per.,Matthew Parrish,everyone,6/26/2020
815,Administration region action pass many less community.,Bryan Smith,address,12/14/2019
816,Our will over teacher bad.,Kimberly Mendez,chair,2/14/2024
817,Worry base major visit you.,Jeremy Salazar,learn,8/28/2023
818,Upon nothing one mind letter quality.,Carmen Mitchell,short,2/29/2024
819,I together control central.,Jessica Best,successful,3/26/2021
820,East also matter animal answer wind.,Dawn Snyder,alone,2/26/2020
821,Six both boy service kid community property open.,Brian Shea,size,1/10/2024
822,Key American school today boy fund sure.,Michelle Barnes,product,1/28/2021
823,Husband discuss call difference.,Michelle Potts DVM,foot,7/17/2019
824,Recently play detail analysis mouth.,Kerry Phillips,article,4/16/2021
825,Population suggest already argue modern good.,David Miranda,affect,3/5/2020
826,Upon business expect first protect light beautiful range.,Renee David,happy,9/19/2021
827,Lawyer trouble her head join.,Michael Hicks,participant,4/27/2021
828,Foreign represent middle study style.,Cynthia Robinson,executive,2/12/2021
829,Whose old notice law red.,Elizabeth Chang,behavior,4/9/2021
830,Need Democrat friend.,Frank Wiggins,her,10/25/2022
831,Six control yet trade season hair push.,Gabrielle Davis,special,8/31/2019
832,Hand statement thing oil discussion still.,Yolanda Hill,benefit,4/10/2020
833,Action campaign boy fund form.,William Gomez,small,2/8/2020
834,Conference safe school yard bring learn safe available.,Jeremiah Garrison,goal,4/29/2021
835,Future son affect garden career last begin.,Alicia Mcintyre,road,8/16/2020
836,Owner past point cut.,Chad Wilson,strong,11/12/2021
837,All director test sort reveal its be.,James Graves,such,11/6/2023
838,Represent personal argue as.,Kenneth Williams,expert,2/21/2024
839,Walk ability Mrs mean.,Dorothy Price,necessary,4/10/2021
840,Staff same kid effect beyond give trouble.,Carlos Ward,across,1/2/2024
841,Or military box same over.,Hannah Brady,exist,2/1/2024
842,Leader able son right.,Joshua Green,and,11/16/2020
843,Personal measure could west short data.,Christian Cooper,goal,10/6/2020
844,Responsibility follow month per strategy check.,Sandra Barnes,world,3/7/2020
845,Perform lay traditional tough collection suddenly use.,Lindsay Baker,run,10/12/2022
846,Until whose table family effort consumer receive.,Monica Brown,within,5/26/2020
847,Sound increase lawyer several size tax left.,Jared Knight,church,12/29/2020
848,Night appear marriage individual let financial.,Christopher Esparza,now,11/2/2020
849,Start available student.,William Warren,camera,6/21/2019
850,Former mean her fast news always.,Gregory Wallace,important,2/23/2022
851,Power south defense manager according school.,Lisa Smith,bag,5/7/2020
852,Deal keep many action participant along goal.,Joshua Townsend,different,3/11/2021
853,Itself arrive result couple build simply while line.,Crystal Crawford,religious,10/7/2022
854,Own give other team size both.,Melissa Hahn,treat,5/13/2020
855,Character ahead window media technology begin mouth.,Mark Powers,difference,5/26/2020
856,General sometimes gun attack society.,Craig Stone,action,8/14/2021
857,Discussion know they police trip method account.,Kenneth Harris,her,1/14/2022
858,Officer test feel name travel technology.,Taylor Schwartz,seek,3/31/2020
859,Baby sport beyond clearly.,Kathleen Kirk,particular,8/29/2020
860,Arm task institution smile.,Brittany Ramirez,throw,1/24/2020
861,Nor to federal region let opportunity while.,John Johnson,could,6/10/2021
862,Tree professor catch vote.,Donald Graves,leave,1/26/2024
863,Ever federal scientist should summer rest day.,Dana Griffith,song,3/1/2022
864,Create chance bit field me middle.,Ashley Harvey,increase,2/6/2024
865,Investment expert prevent represent new half.,Walter Booth,make,5/7/2022
866,End data go child TV think line.,Sherri Kelley,official,4/14/2021
867,Financial three seat of she around after.,Stephanie Johnson,report,8/20/2023
868,Traditional professor trip finally camera short.,Drew Edwards,everyone,10/10/2021
869,Listen measure life very leg floor large.,Lindsay Long,other,5/1/2020
870,Painting benefit campaign from career.,Kelly Jones,eight,9/8/2020
871,Across go activity.,Teresa Liu,product,3/10/2023
872,Bring necessary budget hard management when.,Tara Abbott,address,3/31/2021
873,Near certainly edge blood whose evening.,John Avery,star,5/14/2021
874,Debate popular people various magazine total deep between.,John Walsh,risk,12/18/2019
875,Because service share reality.,Brian Solis,out,3/7/2022
876,Art name along fly media decade yet.,Christine Lee,movement,8/31/2021
877,Three lot term since.,Traci King,line,1/5/2024
878,There energy pull in class fast.,Evelyn Coleman PhD,east,2/2/2021
879,Thank certain actually eye.,Kim Duncan,feeling,11/12/2019
880,Western these remain Republican.,Jeffrey Parker,game,6/19/2019
881,Painting against front two church interest paper.,Danielle Jordan,modern,10/14/2020
882,Imagine baby senior enjoy prepare allow.,Charles Walker,good,4/5/2023
883,Everything morning participant both.,Susan Thompson,result,8/23/2023
884,Garden capital room stay.,Chelsey Mercer,heavy,12/9/2021
885,Position address want six technology with player.,James Hughes,other,11/21/2021
886,City subject ahead me.,Lauren Singh,candidate,8/29/2022
887,Write four behind range much while simply.,Mark Welch,must,9/30/2023
888,Find possible they option say speech.,Janet Jones,name,8/1/2019
889,Middle in occur easy take late white benefit.,Michelle Hamilton,contain,8/17/2023
890,Civil happy hit manage.,Sheri Anderson,single,9/7/2021
891,True full building exist pick.,Miss Kelsey Robinson,several,10/4/2019
892,Receive current poor put red.,Sabrina Campbell,site,12/27/2020
893,Network investment cultural claim child.,Kathy Garrett,defense,5/10/2020
894,Themselves piece player development.,Kristen Smith,imagine,7/29/2022
895,All still window close.,Katie Martinez,hear,8/19/2019
896,Church nature current entire traditional.,Stacey Hendricks,send,3/15/2020
897,Create level game miss pick similar.,Lisa Johnston,deal,8/10/2021
898,Lot light act leave media.,Crystal Peters,buy,6/13/2020
899,Bad any different none girl.,John Taylor,society,8/18/2020
900,Serve enjoy a ago.,Jillian Hale,threat,11/26/2019
901,Argue exactly summer important.,Joe Ballard,less,11/30/2022
902,Smile option rich hear none phone green.,Daniel Wilson,myself,10/21/2020
903,Off trip concern.,Beth Jordan,above,2/10/2021
904,Even process interest result need half.,Christine Riddle,onto,11/30/2023
905,Civil light couple traditional condition.,James Williams,apply,2/14/2021
906,Scientist interest company success.,Ashley Clay,country,8/29/2021
907,Plan stock news level full world until.,Amanda Parsons,throughout,7/7/2019
908,Investment cold cost whom change write.,Tanya Conner,behind,11/16/2022
909,Physical significant toward by student.,Donna Gonzalez,player,10/5/2023
910,Take base national edge for image.,Zachary Porter,line,5/25/2023
911,A off coach.,James Nelson,food,4/22/2024
912,Action open education main seat middle respond.,Andrew Copeland,debate,12/17/2019
913,Recently soldier rather yet.,Michael Thomas,black,12/31/2023
914,Fall whole east position.,Danielle Davis,conference,4/10/2021
915,Start customer difference rest daughter enjoy.,Nicole Montgomery,do,1/8/2020
916,Improve include economy visit sign investment.,Hunter Daniels,agency,7/20/2023
917,Environment myself expect institution certainly respond six.,Austin Burch,general,2/1/2024
918,Surface bed sell morning.,Robert Price,thousand,11/24/2023
919,Generation herself could maybe memory drop later.,Crystal Jackson,technology,8/31/2022
920,Despite know response catch create.,David Taylor,job,2/18/2020
921,Begin might behind teacher interesting.,Melissa Frank,avoid,7/27/2021
922,Population paper result why ahead outside.,Michael Ortega,suddenly,10/26/2020
923,New not kid very.,Natalie Price,everybody,2/26/2023
924,Election situation level care vote prevent.,Emily Mueller,public,1/30/2022
925,Back kid soldier chance scene of fine.,Samantha Lucero,party,12/4/2022
926,Since perhaps former seat build hot make.,Kenneth Martinez,history,11/26/2021
927,Four you executive discover in account international.,John Todd,may,7/31/2021
928,Democrat our dream skin.,Stephen Weeks,middle,5/20/2023
929,Often mention interesting social let watch while.,Dennis Roach,hit,7/16/2023
930,Speech ago book.,Carla Quinn,rule,3/27/2021
931,Condition sea performance among professor pass.,Cindy Silva,catch,10/11/2023
932,Song bring recently fear enough actually.,Joshua Tyler,available,1/5/2023
933,Front artist second its town word Republican.,Donna Turner,think,11/5/2022
934,Stay rise fact environmental.,Janet Campbell,represent,7/23/2021
935,Discussion seven there turn fly high.,Steven Hill,college,12/14/2023
936,Example history develop tell foot enough rise.,Harold Hughes,member,5/1/2024
937,Simple argue show rise long guy price.,Roger Wall,still,1/16/2020
938,Player election certain.,Keith Mason,bar,2/8/2020
939,Have increase operation agreement.,Julie Rios,where,3/29/2024
940,Keep apply determine knowledge author picture building.,Patricia Jenkins,look,9/3/2022
941,Effect central enough it father include risk.,Jane Melton,hit,10/27/2019
942,Time create support conference lot form.,Aaron Carr,political,11/12/2019
943,Production act energy program civil purpose present those.,David Moore,ask,9/17/2023
944,Sport general task.,Micheal Evans,international,11/25/2020
945,Want never every significant city production good stage.,Linda Richards,catch,3/2/2023
946,Gas trouble stuff cause.,Ryan Crane,Mrs,12/5/2021
947,Edge kid direction.,Fernando Prince,type,10/12/2020
948,Her effect own property night.,Cheryl Kim,image,11/19/2019
949,Very before never unit ever.,Lauren White,nothing,1/30/2024
950,Radio accept fly strategy personal cold huge.,Jaime Taylor,produce,3/28/2024
951,Address onto main because language military possible.,Sean Hill,decide,5/9/2022
952,Will activity appear simple serious decision mind.,Paige Flores,fear,10/26/2022
953,View nice hope put recently lose.,Donald Rodriguez,day,8/10/2020
954,Push follow much effect hotel attack imagine difference.,Tina Ayers,lead,9/15/2019
955,Someone trouble himself difference bar.,Robert Boone,occur,12/29/2021
956,Possible entire practice.,Rose Jordan,general,5/24/2020
957,Big table want left either.,Katie Bennett,mother,10/15/2022
958,Study opportunity paper wind hour offer owner.,James Johnston,oil,5/24/2024
959,Resource mission shake value building hold until risk.,Tanya Bowman,citizen,4/30/2023
960,Short food happy interview school goal because.,Ashley Stein,ten,11/24/2019
961,Sell brother include idea almost cause six.,Jessica Hart,question,3/20/2021
962,Difficult whose unit court before choose.,Christine Olson,consider,10/26/2019
963,I where western grow claim else describe.,Elizabeth Anderson,expect,5/28/2023
964,Home still couple state child nice argue fill.,Joseph Ponce,and,4/16/2022
965,That class nation there continue attention.,Jeffrey Smith,Congress,7/19/2022
966,Middle voice information general base still bag.,Jennifer Larson,you,5/23/2024
967,Center security mouth test effect stop.,Bruce Jackson,guy,6/20/2022
968,Seat major vote discussion ready attack focus know.,Christopher Mcbride,authority,2/7/2021
969,You as not let.,Michael Mitchell,add,1/22/2024
970,Drug happy behavior city everyone team character.,Jeffery Miller,base,1/2/2021
971,Thank drop campaign.,Christopher Dominguez,mother,6/25/2020
972,Say present election.,Melanie Robinson,keep,11/23/2022
973,Measure big team prevent fear behind very.,Ashley Moore,message,10/18/2020
974,Bank opportunity employee right represent maintain since.,Marcus Kim,information,4/19/2022
975,Blue view from away certainly.,Heather Harris,build,10/13/2022
976,However successful civil word today black.,Sharon King,hospital,10/25/2019
977,Method mission fish billion soon possible.,Andrew Roberts,institution,11/27/2021
978,Maintain choice huge despite market few.,Haley Andrews,into,11/30/2021
979,Student about stock most lawyer imagine later need.,Vincent Tran,population,8/13/2019
980,Final put ability special investment simple seven guess.,Amy Bowman,a,11/23/2023
981,Religious trial middle everything hundred.,Vincent Baker,staff,10/7/2023
982,Situation know so military.,Christina Erickson,stock,12/6/2021
983,Available start let gun painting hospital.,Wesley Todd,hospital,7/31/2023
984,Leader simply woman.,Stephen Lopez,approach,5/10/2021
985,Economy even old price black.,Julie Carr,president,3/30/2023
986,Seek suffer military prepare end money recognize.,Jason Ward MD,stuff,9/14/2020
987,Letter tell among from next air.,Robyn Myers,challenge,12/22/2019
988,Range recognize accept western.,Stephanie Gonzalez,word,6/3/2021
989,Hold necessary north play father.,Angela Dalton,matter,1/3/2021
990,State election song its strong others manager parent.,Linda Adkins,clearly,8/14/2020
991,Establish character drop how somebody big fight.,Scott Gibson,approach,10/17/2022
992,Without fly field so spring.,Jennifer Bright,rock,8/20/2019
993,Wrong training eight whole work set.,Shelby Ho,doctor,6/21/2020
994,Boy knowledge strategy fight job quality wrong.,Victoria Cole,beyond,5/31/2023
995,None travel decide should billion play.,Angela Molina,term,10/5/2023
996,Must sit entire movement.,Jason Johnson,air,1/5/2024
997,School former really alone little.,Tara Oconnor,work,9/26/2020
998,General feel raise no movement side beat.,Jessica Oliver,put,12/23/2022
999,Total score hair suggest foot work young.,John Baker,six,9/26/2021
1000,Likely air dog since.,Kenneth Young,move,4/8/2021
